1,aaa,1111,F,398-867-0047,tstacy0@oaic.gov.au
2,bbb,2222,M,473-870-4668,wholliar1@aol.com
3,ccc,3333,M,100-554-8690,eronchka2@aboutads.info
4,Lavena,4469,F,690-799-7336,lkillelay3@biglobe.ne.jp
5,Granthem,1350,M,582-323-9603,gconduit4@xinhuanet.com
6,Baxie,2424,M,445-697-8854,bsams5@illinois.edu
7,Tiertza,3465,F,770-439-9106,tlester6@apple.com
8,Vinnie,2213,F,620-269-5235,vbarnhart7@mlb.com
9,Ardyce,7262,F,228-938-6078,abaelde8@slideshare.net
10,Corty,1079,M,225-177-9992,cbrabben9@aol.com
11,Laurena,6629,F,605-320-9929,lbothwella@redcross.org
12,Thane,1728,M,836-566-1821,tcapesb@squidoo.com
13,Corissa,2120,F,142-768-9287,cnormadellc@admin.ch
14,Neila,8934,F,623-989-5329,nanfussod@salon.com
15,Lionel,8115,M,518-354-7066,ltrevore@spotify.com
16,Terri,9088,M,396-634-9213,tlomathf@google.cn
17,Luca,9553,M,986-273-7946,lstillwellg@bloomberg.com
18,Cynthia,1604,F,618-775-7600,cboleynh@washington.edu
19,Pauly,6362,M,263-356-3470,pchanteri@usatoday.com
20,Talbert,2329,M,240-758-6640,thardcastlej@usnews.com
21,Abram,6095,M,270-876-3143,ahourigank@fotki.com
22,Sela,8094,F,389-688-6564,sturfreyl@foxnews.com
23,Jacquie,3892,F,113-597-4115,jtownem@g.co
24,Loleta,6875,F,917-903-0730,ldedmamn@goo.ne.jp
25,Osbert,6844,M,948-646-0508,owasmero@state.gov
26,Kingsley,2640,M,446-589-7957,kblacklerp@usatoday.com
27,Tessie,3654,F,161-423-1966,tpudseyq@tinypic.com
28,Florenza,7327,F,945-925-8480,fpeacocker@tinyurl.com
29,Archambault,8693,M,842-545-9098,abuschs@posterous.com
30,Peterus,9598,M,677-144-6296,pzannelit@webs.com
31,Caz,3136,M,160-360-7983,clannenu@patch.com
32,Graehme,7751,M,263-405-8796,gserjeantv@washingtonpost.com
33,Lynnell,3940,F,815-715-5113,lbernadotw@meetup.com
34,Raymond,9237,M,465-689-6512,rcaryx@hibu.com
35,Sidnee,4727,M,876-565-4775,sbilsborrowy@cdc.gov
36,Lucius,3939,M,255-832-7672,lmazilliusz@gravatar.com
37,Abbye,6172,F,766-815-5279,amatteo10@berkeley.edu
38,Peyton,4166,M,819-982-3684,pdebiaggi11@google.com.au
39,Tann,8914,M,137-737-6291,tballin12@instagram.com
40,Laney,1898,M,149-177-7537,lbezley13@theglobeandmail.com
41,Brina,3022,F,775-127-8637,blettsom14@seesaa.net
42,Xavier,4174,M,895-344-7938,xgorrie15@paypal.com
43,Hedi,2437,F,606-410-6466,hhanstock16@telegraph.co.uk
44,Dierdre,3953,F,741-166-4930,dharford17@vkontakte.ru
45,Inness,6334,M,258-497-0975,imerrell18@mail.ru
46,Masha,9391,F,283-541-2080,mmcgilleghole19@cnn.com
47,Wang,4142,M,519-555-6670,wbelford1a@nature.com
48,Cad,4055,M,632-706-2781,csankey1b@google.co.jp
49,Earle,8355,M,651-498-2696,egiraudot1c@tuttocitta.it
50,Rachael,8150,F,346-361-0318,rlangford1d@e-recht24.de
51,Jenifer,6524,F,757-599-0298,jgreatbanks1e@auda.org.au
52,Brooks,8262,M,466-134-0110,bkempshall1f@aol.com
53,Aurora,8870,F,658-509-1985,agreswell1g@npr.org
54,Carmine,7745,M,539-910-1662,cwakelin1h@icq.com
55,Bryn,1071,F,771-170-1403,bcinnamond1i@wp.com
56,Giralda,1869,F,444-722-6399,gobell1j@goo.gl
57,Randi,7314,M,303-542-4667,rcatterill1k@google.com.br
58,Gilemette,9604,F,921-530-8510,gjaquet1l@spiegel.de
59,Gun,5674,M,572-780-8948,gcosterd1m@free.fr
60,Kellina,3710,F,670-579-7049,kleadston1n@usnews.com
61,Decca,9054,M,162-785-6314,dbalogun1o@youtube.com
62,Madge,8678,F,824-926-8992,mtrimbey1p@mapy.cz
63,Remus,2235,M,385-176-9795,rmacgillespie1q@51.la
64,Richardo,7449,M,697-255-3498,rpattlel1r@wikispaces.com
65,Noah,5077,M,830-220-3569,ndurban1s@drupal.org
66,Freddie,5111,M,305-624-6889,fkaplan1t@shop-pro.jp
67,Alisha,5065,F,449-174-4517,adaber1u@irs.gov
68,Ganny,7326,M,722-189-2086,gaddington1v@example.com
69,Montgomery,5043,M,939-656-0597,mjiricka1w@nytimes.com
70,Wilbur,9014,M,422-174-5519,wheilds1x@jiathis.com
71,Chanda,2774,F,291-384-1548,choneywood1y@ovh.net
72,Nananne,9799,F,972-881-7148,npurveys1z@pagesperso-orange.fr
73,Alfonse,9162,M,690-816-7401,awilfling20@t.co
74,Read,4907,M,336-294-1325,rmatveyev21@ocn.ne.jp
75,Valentino,7500,M,206-671-2198,vniche22@istockphoto.com
76,Esma,8640,F,430-602-3320,eheinemann23@elegantthemes.com
77,Marielle,8846,F,474-804-0995,mutley24@pbs.org
78,Felix,4753,M,213-440-5588,fgolston25@oaic.gov.au
79,Nerti,6719,F,460-230-5763,nsollime26@list-manage.com
80,Jefferey,8598,M,511-245-5477,jludmann27@hexun.com
81,Clim,4883,M,800-317-5054,csibbet28@umich.edu
82,Gnni,3506,F,534-881-2148,ghekkert29@alibaba.com
83,Gerick,1422,M,147-791-9763,gliepina2a@wsj.com
84,Forrester,6438,M,385-167-2709,feberdt2b@msn.com
85,Pebrook,5285,M,913-303-1780,ptunsley2c@zdnet.com
86,Mamie,8889,F,679-931-3903,msherwyn2d@vimeo.com
87,Car,5359,M,856-800-2338,ctarquinio2e@dagondesign.com
88,Maureen,7578,F,793-727-2968,mbourdel2f@google.com.au
89,Beaufort,9012,M,612-325-5829,blaing2g@desdev.cn
90,Zea,8110,F,999-709-1819,zchaffyn2h@tuttocitta.it
91,Delbert,6586,M,566-374-5070,dgrelak2i@yahoo.co.jp
92,Allen,6412,M,794-320-2129,abillyeald2j@youtube.com
93,Kipper,9230,M,782-865-9070,kdrewe2k@ibm.com
94,Denys,8054,M,525-854-1482,dswinn2l@cnbc.com
95,Arnie,3441,M,298-737-5900,aroutham2m@bluehost.com
96,Zebulon,9795,M,479-677-9380,zvockings2n@ehow.com
97,Kort,6598,M,221-333-1706,kfishly2o@geocities.jp
98,Kellia,3996,F,991-658-9284,kbean2p@columbia.edu
99,Pamella,6945,F,291-621-2728,pschwier2q@blogtalkradio.com
100,Pavlov,1495,M,379-487-3533,pmacanespie2r@ifeng.com
