,title,category,content
0,D.C.5 ~다 카포 5~,D.C. ~다 카포~ 시리즈2023년 Windows 게임2023년 PlayStation 4 게임2023년 Nintendo Switch 게임전연령 미소녀 게임에로게," 소년은, 운명과 만난다-少年は、運命に出会う-D.C. ~다 카포~ 시리즈 정규 5번째 시리즈를 설명하는 문서이다. 배경은 전작 다카포4와 동일한 카가미 섬. 전작처럼 전연령판으로 먼저 발매된다.2024년 9월 18금판 발매예정"
1,아싸인 내게 벌칙 게임으로 고백해 온 갸루가 아무리 봐도 나한테 반한 것 같다/등장인물,아싸인 내게 벌칙 게임으로 고백해 온 갸루가 아무리 봐도 나한테 반한 것 같다라이트 노벨/등장인물,아싸인 내게 벌칙 게임으로 고백해 온 갸루가 아무리 봐도 나한테 반한 것 같다의 등장인물에 대한 문서.
2,브루노 발터,독일의 지휘자1876년 출생1962년 사망베를린 출신 인물유대인,"""그는 매우 낭만적입니다. 정말이에요. 그는 도덕주의자이지만, 나는 그렇지 않아요. 확실해요.""오토 클렘페러[1]독일 출신의 유대인 지휘자이다. 20세기의 거장 지휘자 중 한 명으로 꼽힌다."
3,호시노 겐 불륜 억측 사건,2024년/사건사고레이와 시대/인터넷 사건 사고X(SNS)/사건사고일본의 인물별 사건사고호시노 겐아라가키 유이,"'일본의 음악가, 배우, 작가인 호시노 겐이 아라가키 유이를 놔두고 일본의 아나운서인 하야시다 리사와 불륜을 했고, 두 사람은 사실상의 이혼 상태에 가깝다'며, SNS 및 여러 커뮤니티 상에서 사이버 렉카 및 네티즌들에 의해 퍼진 불륜 억측 및 허위폭로 사건을 서술한 문서."
4,앙코(명조: 워더링 웨이브),명조: 워더링 웨이브/등장인물," ""아주 오래전에... 그늘이가 앙코한테 새로운 곳을 알려줬어! 뭐해, 빨리 와~ 이제 앙코랑 같이 여행 가보자!""검은 해안의 객경인 앙코, 조금은 기괴하고 활발하며 환상과 동화로 우정과 모험을 묘사하는 것을 좋아한다.그녀의 옆에는 그늘이와 구름이가 함께 하는데 그들은 앙코의 제일 친한 친구이자 수호자이다.앙코는 그늘이, 구름이와 함께 온 세상을 누빈다! 《명조: 워더링 웨이브》의 플레이어블 캐릭터."
5,HELLDIVERS 2/시나리오,HELLDIVERS 2게임 스토리,HELLDIVERS 2에서 진행된 시나리오 전개에 대한 사항을 서술한다.[1]
6,김희영(1975),1975년 출생한국계 미국인리라초등학교 출신이화여자대학교 대학원 출신,한국계 미국인 기업인으로 포도뮤지엄 총괄디렉터 및 티앤씨재단 이사장이자 최태원 SK 회장의 동거인.
7,대한민국 여권,여권대한민국의 외교한국조폐공사,"대한민국 국적자를 대상으로, 한국조폐공사에서 제작하고 대한민국 외교부에서 발행하는 여권이다.북한을 제외한 지구상의 모든 국가 및 지역에서 통한다. 북한에서는 대한민국 여권을 인정하지 않기 때문에 북한을 방문할 때는 방문증명서를 사용한다. 신분증으로 사용할 수 있지만, 주민등록증과 운전면허증의 존재로 인해 잘 사용하지 않는다.여권법[2]에 따라 대한민국 국민이 외국을 여행하려면 반드시 소지하여야 한다. 21세기에 들어서 주변국 국민에 대해 여권 말고도 신분증을 폭넓게 인정하는 국가들이 많아졌지만 대한민국에서 발행하는 ICAO Doc 9303에 따르는 신분증은 여권이 유일하다."
8,도멘아도니스,농업,"지중해 남부의 숨겨진 보물과 같은 아름다운 올리브의 나라 튀니지 북서쪽 Testour 해발 700m 사람들이 발길이 닿지 않는 청정한 무공 자연환경을 자랑하는 도멘아도니스 올리브농장.[1]도멘아도니스는 도멘Domaine은 프랑스어로 농업, 아도니스는 Adonis는 그리스 신화의 [아도니스]를 상징하며 농업의 신이라는 뜻을 가지고 있다. 아도니스는 [아프로디테]와 페르세포네의 사랑을 받은 신으로 죽음과 부활을 상징하며, 셈어로는 군주, 주인이라는 뜻을 가지고 있으며 히브리어로는 나의 신을 의미한다. 힘들었던 역사 속에서 올리브나무는 튀니지인들에게 아낌없이 주는 나무이자 삶의 동반자를 의미하며 튀니지 그 자체이다."
9,용접공 토일렛(Skibidi Toilet Multiverse),스키비디 토일렛(Skibidi Toilet Multiverse),Skibidi Toilet Multiverse의 스키비디 토일렛 진영의 개체로 원작의 중형 연구원 토일렛과 비슷한 포지션의 개체들이다.
10,대한민국 여권,여권대한민국의 외교한국조폐공사,"대한민국 국적자를 대상으로, 한국조폐공사에서 제작하고 대한민국 외교부에서 발행하는 여권이다.북한을 제외한 지구상의 모든 국가 및 지역에서 통한다. 북한에서는 대한민국 여권을 인정하지 않기 때문에 북한을 방문할 때는 방문증명서를 사용한다. 신분증으로 사용할 수 있지만, 주민등록증과 운전면허증의 존재로 인해 잘 사용하지 않는다.여권법[2]에 따라 대한민국 국민이 외국을 여행하려면 반드시 소지하여야 한다. 21세기에 들어서 주변국 국민에 대해 여권 말고도 신분증을 폭넓게 인정하는 국가들이 많아졌지만 대한민국에서 발행하는 ICAO Doc 9303에 따르는 신분증은 여권이 유일하다."
11,삼라만상,고사성어,"넓게 펴져 있는 숲(삼라)처럼 온갖 사물들이 빼곡히 퍼져있는(만상) 것이다. 동의어로는 만휘군상(萬彙群象)이 있다. 쉽게 말하자면 모든 만물들이 있는 상황을 나타내며, 더 나아가면 모든 것(현상, 진리, 세계, 우주)을 나타낸다. 영어로 나타내자면 ""All""과 의미가 비슷하면서 한편으론 조금 다르다.  그와 동시에, 삼라만상은 우주 안에 있는 온갖 사물과 현상을 뜻한다고 한다. "
12,그림멜,드래곤 길들이기 시리즈/등장인물,드래곤 길들이기 3의 메인 빌런.  더빙판에서는 그리멜로 이름이 바뀌었다.
13,서배너 바나나스,미국의 야구단,"미국 조지아 주 서배너에 위치한 야구팀. 2016년에 창단되었으며, 서배너에 위치한 그레이슨 스타디움을 홈겸기장으로 삼고 있다. 2022년까지 대학 여름 야구 리그인 코스탈 플레인 리그(CPL) 서부 디비전에서 경쟁하였고, 2016년, 2021년, 2022년에 페티트 컵 챔피언십에서 세 번 우승한 전력이 있다.엔터테인먼트 요소가 강한 형식의 경기를 바나나 볼(Banana Ball)이라 이름 붙이고 팬서비스처럼 해왔는데, 이 것이 상업적으로 더 성공하면서 2023년부터 야구 리그에 참여하지 않고 전미 순회 경기를 하고 있다. 당연하지만 스포츠 경기를 혼자서는 할 수 없기 때문에, 파티 애니멀즈(Party Animals)와 파이어파이터즈(Firefighters)라는 추가 경쟁 팀을 결성하여 투어링을 하고 있다. 팀은 틱톡에서 760만 명 이상의 팔로워를 보유하고 있으며, 이는 어떤 MLB 팀보다도 많은 숫자이다."
14,홍석형,조선로동당 6기 중앙위원회 후보위원조선로동당 6기 정치국 후보위원조선로동당 6기 정치국 위원조선로동당 6기 비서국 비서북한 국가계획위원장조선로동당 계획재정부장조선로동당 함경북도 책임비서10기 최고인민회의 대의원11기 최고인민회의 상임위원회 위원12기 최고인민회의 상임위원회 위원1936년 출생서울특별시 출신 인물풍산 홍씨실향민,"북한의 정치인, 테크노크라트. 홍명희의 손자이며 홍기문의 아들이다."
15,서배너 바나나스,미국의 야구단,"미국 조지아 주 서배너에 위치한 야구팀. 2016년에 창단되었으며, 서배너에 위치한 그레이슨 스타디움을 홈겸기장으로 삼고 있다. 2022년까지 대학 여름 야구 리그인 코스탈 플레인 리그(CPL) 서부 디비전에서 경쟁하였고, 2016년, 2021년, 2022년에 페티트 컵 챔피언십에서 세 번 우승한 전력이 있다.엔터테인먼트 요소가 강한 형식의 경기를 바나나 볼(Banana Ball)이라 이름 붙이고 팬서비스처럼 해왔는데, 이 것이 상업적으로 더 성공하면서 2023년부터 야구 리그에 참여하지 않고 전미 순회 경기를 하고 있다. 당연하지만 스포츠 경기를 혼자서는 할 수 없기 때문에, 파티 애니멀즈(Party Animals)와 파이어파이터즈(Firefighters)라는 추가 경쟁 팀을 결성하여 투어링을 하고 있다. 팀은 틱톡에서 760만 명 이상의 팔로워를 보유하고 있으며, 이는 어떤 MLB 팀보다도 많은 숫자이다."
16,Cody・Lee(李),일본의 록밴드4인조 음악 그룹,"일본의 4인조 록밴드이다.2018년 대학 친구끼리 결성했다.[1] 2020년 싱어송라이터로 활동하던 오자키 리노가 정식 가입하며 자주 레이블 ""sakuramachi records""를 시작했고, 1st Full Album 生活のニュース[2][3] 를 발매했다.1집 수록곡인 我愛你의 MV가 유튜브 알고리즘을 타면서 유명해졌다.[4]2021년에 들어, Spotify 바이럴 차트 TOP10에 들어가는 등 밴드로서의 기세가 증가하고 있다.2022년 5월 25일,Ki/oon Music에서「心拍数とラヴレター、それと優しさ」[5] 앨범으로 메이저 데뷔가 결정 되었다.인스타그램 유튜브 트위터 홈페이지2024년 3월 29일 유튜브 라이브에서 生活のニュース 이후 두번째 정규 앨범 발매 소식을 전했다. 6월 발매 예정."
17,도멘아도니스,농업,"지중해 남부의 숨겨진 보물과 같은 아름다운 올리브의 나라 튀니지 북서쪽 Testour 해발 700m 사람들이 발길이 닿지 않는 청정한 무공 자연환경을 자랑하는 도멘아도니스 올리브농장.[1]도멘아도니스는 도멘Domaine은 프랑스어로 농업, 아도니스는 Adonis는 그리스 신화의 [아도니스]를 상징하며 농업의 신이라는 뜻을 가지고 있다. 아도니스는 [아프로디테]와 페르세포네의 사랑을 받은 신으로 죽음과 부활을 상징하며, 셈어로는 군주, 주인이라는 뜻을 가지고 있으며 히브리어로는 나의 신을 의미한다. 힘들었던 역사 속에서 올리브나무는 튀니지인들에게 아낌없이 주는 나무이자 삶의 동반자를 의미하며 튀니지 그 자체이다."
18,브롤스타즈/팁/브롤러 별 티어,브롤스타즈,"브롤스타즈의 브롤러 별 성능과 입지를 주관적으로 정리한 문서이다.브롤스타즈에서는 각기 다른 브롤러를 선택하여 게임에 임하게 된다. 때문에 게임의 밸런스를 위해서는 각 브롤러의 성능이 어느 정도 동등하거나 상성 등이 존재하여 어떤 브롤러든 성능이 일정하게 유지되어야 한다. 그러나 성능이 지나치게 좋거나 떨어지는 브롤러가 존재하여, 강력한 브롤러가 특정 모드 혹은 특별 이벤트를 제외한 대부분의 모드[2]에서 범용성이 높거나 좋은 일반/특수 공격, 스타 파워, 가젯 등을 가져 압도적인 모습을 보여준다. 반대로 성능이 떨어지는 브롤러들의 경우 특정 모드 혹은 모든 모드에서 좋지 못한 모습을 보이며, 높은 난이도, 많은 카운터, 저열한 성능 등의 이유로 인해 픽률이 낮고 해당 브롤러가 있는 팀이 불리해지는 경향이 있다.[3][4]"
19,술식(주술회전),술식(주술회전),장인[1]주술회전에서 나오는 가공의 능력.
20,NewJeans/논란 및 사건 사고,NewJeans대한민국의 아이돌 사건 사고,걸그룹 NewJeans의 논란 및 사건 사고를 기록하는 문서.
21,지창욱,한국 남배우한국 남가수배우 출신 가수뮤지컬 남배우한국의 드라마 배우한국의 뮤지컬 배우1987년 출생2008년 데뷔안양시 출신 인물충주 지씨신성고등학교 출신단국대학교 출신육군 출신,대한민국의 배우.
22,유빈/골 때리는 그녀들,유빈FC 탑걸,단단한 피지컬을 가진 FC탑걸의 보물! 압박 수비 능력과 공격 능력까지 겸비한 믿고 보는 팀 내 에이스!유빈의 골 때리는 그녀들의 행적을 정리한 문서이다.
23,오메가 루갈,루갈 번스타인,"더 킹 오브 파이터즈 시리즈의 첫 보스인 루갈 번스타인이 오로치의 힘을 꺼내든 상태일 때를 부르는 이름. KOF 95, KOF 98, KOF 2002, KOF 98 UM, KOF 2002 UM, KOF SKY STAGE 등의 최종 보스이자 KOF XV의 보스 챌린지 모드 등장 보스 중 한 명으로서 그야말로 KOF를 대표하는 보스라 해도 과언이 아니다.취미는 역시 자기와 싸워 패배한 격투가를 동상으로 만들어서 모으는 것[7][8]에 부활이라는 취미가 하나 더 추가됐다. 덕분에 공식 역사상으로 루갈은 오로치의 힘을 제어하지 못하고 스스로 소멸해 버렸지만 '보스의 각성 형태'라는 특징 덕분인지 SNK가 이후 발매하는 KOF 시리즈에 등장하는 보스로서의 루갈은 주로 이 형태로 등장하게 된다.잘 모르는 사실이지만 뒷머리가 날갯죽지까지 내려오는 중단발이다. 등을 보여주는 열풍권, 02 이후의 강 제노 내려긋기, 비즈 디스트럭션 도트를 보면 알 수 있다. 그런데 네오웨이브에서부터는 머리칼 묘사에 문제가 생기기 시작했다. 인게임 도트는 전작의 것들을 우려먹어서 여전히 날갯죽지까지 내려오는 중단발이 유지되었음에도 어째서인지 공식 일러상에선 그냥 어깨까지만 내려온 단발로 그려졌고 이후 98UM, 스카이 스테이지, 올스타 등에 이것이 역수입되어서 대놓고 어깨까지만 내려오는 단발이 되었다. 그나마 2002UM은 다시 좀 더 긴 머리로 돌아오긴 했으나 XV에서는 일러는 물론 아예 인게임 모델링조차 어깨까지만 내려오는 단발로 바뀌어버렸다."
24,강영섭,9기 최고인민회의 통일정책심의위원회 위원10기 최고인민회의 상임위원회 위원11기 최고인민회의 상임위원회 위원12기 최고인민회의 상임위원회 위원1931년 출생2012년 사망평양시 출신 인물주 루마니아 북한 대사조선그리스도교련맹 중앙위원장애국렬사릉 안장자신천 강씨,"북한의 정치인, 종교인.강량욱의 아들이다."
25,민희진-HYBE 간 ADOR 경영권 분쟁,민희진-HYBE 간 ADOR 경영권 분쟁,"[뉴스 ‘꾹’] 'NewJeans' 잘 나가자 독립 시도?..""전격 감사"" 칼 빼든 HYBE(MBC 뉴스)(지금, 이 뉴스) 방시혁 vs 민희진 충돌? …HYBE, 'NewJeans' 소속사 감사 착수(JTBC 뉴스)2024년 4월 22일부터 HYBE 측이 민희진 대표이사 등 ADOR 경영진이 HYBE LABELS로부터 ADOR를 독립시키고 경영권을 탈취하려 한다는 정황이 드러났다고 주장하며 내부 감사에 들어가면서 공론화된 분쟁이다.민희진을 비롯한 ADOR 경영진 측은 같은 HYBE LABELS에 속한 빌리프랩의 신인 걸그룹 ILLIT이 자사의 걸그룹 NewJeans를 카피한 데에 대한 항의 차원의 서한을 본사에 보냈을 뿐인데 갑작스럽게 보복성 해임 통보해 왔다고 주장했으며, 대주주인 HYBE 측은 ADOR 경영진들의 경영권 탈취 시도 및 사업상 비밀 유출, 인사청탁 등에 대한 의혹을 제기했다."
26,브롤스타즈/팁/브롤러 별 티어,브롤스타즈,"브롤스타즈의 브롤러 별 성능과 입지를 주관적으로 정리한 문서이다.브롤스타즈에서는 각기 다른 브롤러를 선택하여 게임에 임하게 된다. 때문에 게임의 밸런스를 위해서는 각 브롤러의 성능이 어느 정도 동등하거나 상성 등이 존재하여 어떤 브롤러든 성능이 일정하게 유지되어야 한다. 그러나 성능이 지나치게 좋거나 떨어지는 브롤러가 존재하여, 강력한 브롤러가 특정 모드 혹은 특별 이벤트를 제외한 대부분의 모드[2]에서 범용성이 높거나 좋은 일반/특수 공격, 스타 파워, 가젯 등을 가져 압도적인 모습을 보여준다. 반대로 성능이 떨어지는 브롤러들의 경우 특정 모드 혹은 모든 모드에서 좋지 못한 모습을 보이며, 높은 난이도, 많은 카운터, 저열한 성능 등의 이유로 인해 픽률이 낮고 해당 브롤러가 있는 팀이 불리해지는 경향이 있다.[3][4]"
27,끝내주게 춤춰라 메이드 인 와리오/자세,메이드 인 와리오 시리즈,"체감형 게임 《끝내주게 춤춰라 메이드 인 와리오》의 ‘자세’(カマエ, Form)에 관한 문서.자세는 2006년작 《춤춰라 메이드 인 와리오》(이하 Wii판)의 ‘조작법’에 해당하는[1], 본작의 플레이 준비 포즈이다. 자세는 각 미니게임이 출현하기 전에 화면에 제시되며, 플레이어는 미니게임의 지령이 나오기 전까지 제시된 자세를 취해야 미니게임을 올바르게 플레이할 수 있다.Wii판과 마찬가지로 자세를 처음 설명해줄 때 더빙 보이스가 나오는데, Wii판이 발음이 서투른 서양인이 말하는 듯한 억양이었다면 본작은 ‘신의 말씀’이라는 컨셉을 잡고 정확한 발음과 근엄한 톤으로 설명해준다.[2] 또한 Wii판에 비해 본작은 외수판에서 설정이 바뀐 자세가 적다.[3] 한국판에서는 강호철이 자세 설명 음성을, 임채빈이 자세 지시 음성을 각각 더빙하였다. 자세 지시 음성의 영어판 성우는 키스 실버스틴.온몸을 사용하므로 주변 공간을 충분히 확보한 뒤 앉지 않고 서 있는 상태로 대기한다. 기본 자세는 양쪽 엄지를 Joy-Con L/R버튼 위에 올리고 나머지 네 손가락으로 레일 부분을 감싸 쥐는 '움켜잡기'(ニギリ持ち(꽉 잡기)/Grip Hold(움켜쥐기))이다.[4] 자세가 제시될 때는 움켜잡기 상태를 유지한 채로 팔을 움직여 포즈를 취하면 된다. '올려놓기', '오른손 동작', '내려놓기'는 움켜잡기를 사용하지 않는다.미니게임이 시작되기 전에는 자세를 취한 뒤 움직이지 않는 상태로 있는 것이 좋다. 게임에서 수시로 자이로 센서를 리셋하기 때문에 이 시점에서 조이콘을 움직여 버리면 기준값이 뒤틀려버려 조작이 제대로 인식되지 않을 수 있다.[5] 항상 정확한 동작을 수행할 수 있는 환경을 조성해둘 것.회장님, 줄다리기처럼 Wii판의 조작법을 그대로 가져온 자세도 있는가 하면, 올려놓기, 내려놓기 같이 Wii판의 조작법에서 이름만 바뀐 자세도 있다.스토리모드 2인 플레이를 지원해서 왼손잡이와 오른손잡이가 함께 플레이하는것도 가능하기 때문에 왼손잡이와 오른손잡이의 자세가 달라지는 동작을 설명할때 왼손과 오른손 대신 주로 쓰는 손과 다른 한 손이라는 단어를 사용한다."
28,이스즈 트라가,이스즈/생산차량2018년 출시트럭,일본의 상용차 제조사인 이스즈에서 동남아시아 시장 공략을 위해 개발한 소형 캡오버형 트럭이다.
29,상무이사,법인회사원의 직급,"상무이사(常務理事, Managing Director) 또는 상무는 법인의 직책 중 하나이다. 평범한 회사라면 부장-이사-상무이사-전무이사식으로 승진할 것이다.상무란 회사의 직무 대행자이자 회사의 임원으로 즉 일반적으로 회사에서 일상 행해져야 하는 사무, 회사가 영업을 계속함에 있어서 통상 행하는 영업 범위 내의 사무 또는 회사 경영에 중요한 영향을 주지 않는 통상의 업무를 하는 사람이다.[1]본래 상무(常務)는 상임(常任)이라는 뜻이고, 전무(專務)는 전임(專任)이라는 뜻이다. 실제로 법률적으로는 여타 상무에 종사하지 않는 이사를 기타비상무이사로 분류한다. 즉, 따지고 보면 이사 중에 상임(상무)이사가 있고, 상임(상무)이사 중에 전임(전무)이사가 있고, 전임(전무)이사 중에 대표이사가 존재하는 식으로, 이사⊃상무⊃전무⊃대표순으로 포괄하는 개념이다.규모가 좀 큰 회사라면 상무갑/상무을/상무보/상무대우[2]/이사/이사보/이사대우 등 갖가지 직급의 임원들과 마주하게 될 것인데, 이는 임원 문서에 더 자세히 서술되어 있다.대기업이라면 이사급, 상무급에서 차량이 지급되기도 하는데, 주로 준대형 세단이 차량으로 제공된다.[3]대기업의 상무이사는 공무원으로 치면 2급, 3급 공무원, 국군의 준장 혹은 소장이랑 대응한다고 할 수 있다.[1] 대법원 2006다62362[2] ""상무보, 상무대우""라고 붙여져 있으면 실제 직급보다 한 단계 낮은 것이다.[3] 상무보 혹은 이사의 경우 중형 세단."
30,감사합니다(드라마),2024년 드라마tvN 토일 드라마스튜디오드래곤공개 예정 드라마,비리가 만연한 JU건설 감사실을 배경으로 냉혈한 감사팀장과 가슴 뜨거운 신입사원의 좌충우돌 콤비 플레이를 담은 오피스 수사 활극2024년 7월 6일부터 〈졸업〉 후속으로 방영 예정인 tvN 토일 드라마.
31,데긴 소도 자비,우주세기/인물,"デギン・ソド・ザビ/Degwin Sodo Zabi[1][2]기동전사 건담의 등장인물. 성우는  나가이 이치로(기동전사 건담),[3] 후지모토 유즈루(극장판 1~2부), 시바타 히데카츠(극장판 3부 & 특별판, 게임판), 우라야마 진(기동전사 건담 THE ORIGIN) /  최석필(해후의 우주 게임판), 민응식(기동전사 건담) /  마크 톰슨(오리진)."
32,우주 거주구,SF 용어유형별 도시,"Space Habitat. 인공의 우주 거주지. '우주 거주구'라는 의미인 Space Habitat는 국내 사전에는 아직 등재되지 않은 단어로, 국어 사전은 우주 식민지만 등재되어 있으며, 영어 사전은 space colony만이 우주 식민지, 우주섬(島)이란 뜻으로 등재되어 있다.우주에 자전하는 구조물을 설치하여, 인공중력을 발생시켜 지구와 유사한 거주 환경을 구현한 식민지로 사용한다는 우주 개척 개념으로, 인공적인 바이오스피어라 할 수 있다. 일반적으로는 스페이스 콜로니(Space Colony)라고 불린다.ISS 처럼 비교적 낮은 궤도에 설치될 수도 있지만, 라그랑주점처럼 중력적으로 안정된 위치에 설치할 수도 있다. 아니면, 타 항성계까지 가기 위한 우주 탐사선의 형태일 수도 있다."
33,어음,순우리말여신(금융)지급결제,"발행하는 사람이 일정한 금전의 지급을 약속하며 발행하는 일종의 지급보증서. 쉽게 말해 외상 증서라 보면 된다. 이 어음을 제때 처리하지 못하게 되면 부도가 나게 된다. 지급을 약속하는 증권을 약속어음이라 하는데, 말 그대로 언제 어디 은행 어디 지점(지급장소/제3자방으로도 부름)에서 얼마를 지급하겠다고 약속하는 어음을 의미한다. 제3자에게 지급을 위탁하는 증권을 환어음이라고 하며 이는 주로 무역거래용으로만 사용되고, 국내에서는 거의 약속어음만 쓰인다. 그런데 문제는 대한민국의 어음법은 환어음이 베이스로 되어 있다는 것.[1] 한국은 어음법 제정 시 거의 환어음만 발행하는 유럽 상인들의 표준적인 상거래 규약을 거의 그대로 입법화한 것이기 때문이다.보통 만기로는 3개월이나 6개월 단위의 단기성이 많다. 어음을 사용하는 이유는 회사 간의 거래에서 거액의 금액이 오고가는데, 당장 해당 금액을 보유하지 않았지만 얼마 뒤에 보유할 가능성이 높은 경우가 자주 일어나기 때문이다. 이런 경우에는 일반적으로는 돈이 생길 때까지 거래를 연기하면 되지만, 실제로는 그렇게 했다간 속된 말로 때를 놓치거나 다른 회사가 접근해서 해당 품목을 사 버리는 문제가 발생하게 된다. 그래서 어음을 발행해서 일단 거래를 성사시킨 후에 해당 어음의 만기일까지 돈을 마련해서 갚는다면 어음을 발행한 사람이나, 어음을 받은 사람이나 양자 모두 만족스러운 결과를 볼 수 있다. 다시 말해 외상을 계약서 쓰고 하는 것. 그리고 어음법을 보면 알겠지만, 어음의 배서가 담보적 효력을 가지므로 채권평등주의를 피할 수 있다.[2](여타 예외도 있다) 물론 이론상으로야 모두 만족해야 하는데, 현실은 전혀 그렇지 않다는 게 문제."
34,최종훈(배우),한국 남배우1979년 출생2000년 데뷔강릉 최씨강릉시 출신 인물대한민국의 남성 유튜버배우 출신 유튜버의무경찰 출신,"MC대격돌 시범맨 시절의 모습푸른거탑 말년 최병장의 모습이런 제엔~장...!! 말년에 OOO라니!!!대한민국의 배우 겸 유튜버이자, 직장인(공업사 직원)이다."
35,D.C.5 ~다 카포 5~,D.C. ~다 카포~ 시리즈2023년 Windows 게임2023년 PlayStation 4 게임2023년 Nintendo Switch 게임전연령 미소녀 게임에로게," 소년은, 운명과 만난다-少年は、運命に出会う-D.C. ~다 카포~ 시리즈 정규 5번째 시리즈를 설명하는 문서이다. 배경은 전작 다카포4와 동일한 카가미 섬. 전작처럼 전연령판으로 먼저 발매된다.2024년 9월 18금판 발매예정"
36,고우석/선수 경력,고우석/선수 경력,샌디에이고 파드리스 소속 투수 고우석의 선수 경력을 다루는 문서다.
37,윤기복,7기 중앙인민위원회 위원8기 중앙인민위원회 위원조선로동당 4기 중앙위원회 위원조선로동당 5기 정치위원회 후보위원조선로동당 6기 정치국 후보위원조선로동당 과학교육부장조선로동당 대남비서조선로동당 과학교육비서조선로동당 5기 비서국 비서조선로동당 6기 비서국 비서북한 재정상북한 국가계획위원장평양시인민위원회 위원장1926년 출생2003년 사망서울특별시 출신 인물3기 최고인민회의 대의원5기 최고인민회의 법안심의위원회 위원5기 최고인민회의 상설회의 의원6기 최고인민회의 법안심의위원회 위원6기 최고인민회의 상설회의 의원7기 최고인민회의 법안심의위원회 위원8기 최고인민회의 예산심의위원회 위원9기 최고인민회의 통일정책심의위원회 위원10기 최고인민회의 대의원경기고등학교 출신북한의 실향민,"북한의 정치인, 경제 테크노크라트."
38,민희진-HYBE 간 ADOR 경영권 분쟁,민희진-HYBE 간 ADOR 경영권 분쟁,"[뉴스 ‘꾹’] 'NewJeans' 잘 나가자 독립 시도?..""전격 감사"" 칼 빼든 HYBE(MBC 뉴스)(지금, 이 뉴스) 방시혁 vs 민희진 충돌? …HYBE, 'NewJeans' 소속사 감사 착수(JTBC 뉴스)2024년 4월 22일부터 HYBE 측이 민희진 대표이사 등 ADOR 경영진이 HYBE LABELS로부터 ADOR를 독립시키고 경영권을 탈취하려 한다는 정황이 드러났다고 주장하며 내부 감사에 들어가면서 공론화된 분쟁이다.민희진을 비롯한 ADOR 경영진 측은 같은 HYBE LABELS에 속한 빌리프랩의 신인 걸그룹 ILLIT이 자사의 걸그룹 NewJeans를 카피한 데에 대한 항의 차원의 서한을 본사에 보냈을 뿐인데 갑작스럽게 보복성 해임 통보해 왔다고 주장했으며, 대주주인 HYBE 측은 ADOR 경영진들의 경영권 탈취 시도 및 사업상 비밀 유출, 인사청탁 등에 대한 의혹을 제기했다."
39,리그 오브 레전드/전략/사장된 전략,리그 오브 레전드,"아래의 전략들은 이전에 쓰이다가 현재는 도태되었거나, 변칙 전략으로 밸런스를 붕괴시켜 라이엇이 패치로 막은 전략들을 의미한다.롤에 입문한지 얼마 안되었거나 게임의 역사 연대기에 관심이 없는 유저들이라면 아예 생소한 개념도 몇몇 있다. 그리고 그만큼 대중화되지 못했던 전략도 있다. 또한 상황에 따라 다시 부활하거나 기존의 전략에 흡수되는 경향도 있어서 사장된 전략이라 말하기 일부 애매한 점 역시 존재한다."
40,프리터(인터넷 방송인),대한민국의 유튜버한국어 버츄얼 유튜버트위치 스트리머아프리카TV BJ왁타버스 고정 멤버/소속 멤버,프리저 아바타를 사용했던 과거훗흫훗흐... 스바라시~!대한민국의 인터넷 방송인이자 우왁굳의 고정 멤버이다.
41,부사장,회사원의 직급,"副社長회사에서 사장 다음가는 직위. 보통 대기업의 경우엔 사장도 여러 명이기 때문에[1] 부사장도 여럿일 때가 많다.[2]  국내 최대 기업인 삼성전자인 경우 전무와 부사장 직급이 통합되어 부사장만 약 360명 정도 존재한다.# CJ그룹 같은 경우 E3 부사장의 상위 직급으로 E4 총괄부사장이 있기도 하다.[3]2017년 삼성전자에서는 전 미국 국방성 최고 정보 책임자(CIO), 테리 핼버슨 예비역 중장을 부사장으로 영입했다. 국군 중장 역시 HD현대중공업 부사장으로 영입된 사례가 있었다.대기업의 부사장은 공무원으로 치면 1급 공무원, 국군의 중장, 혹은 대장이 이에 대응한다고 볼 수 있다.[4]"
42,고우석/선수 경력,고우석/선수 경력,샌디에이고 파드리스 소속 투수 고우석의 선수 경력을 다루는 문서다.
43,삼성 라이온즈/2024년/6월,삼성 라이온즈/2024년,"삼성 라이온즈의 6월 일정은 대구[1]-문학-고척-대구-창원-대구-대구-잠실-수원 순으로 6월 첫째주 일정은 한화와의 홈 2경기가 있으며, 6월 둘째주 일정은 문학 SSG와 고척 키움과의 원정 6경기가 있으며, 6월 셋째주 일정은 LG와의 홈 3경기와 창원 NC와의 원정 3경기가 있으며, 6월 넷째주 일정은 SSG와 두산과의 홈 6경기가 있으며, 6월 다섯째주 일정은 잠실 LG와 수원 kt와의 원정 6경기가 있으며, 그 중 11경기가 대구 삼성 라이온즈 파크에서 15경기는 원정에서 열린다."
44,정한철,"대한민국의 남자 축구 선수1996년 출생광주 광역시 출신 인물성균관대학교 출신FC 마치다 젤비아/은퇴, 이적YSCC 요코하마/은퇴, 이적FC 이마바리/은퇴, 이적수판부리 FC/은퇴, 이적김포 FC/현역",대한민국 국적 김포 FC 소속 축구선수. 포지션은 센터백.
45,D.C.5 ~다 카포 5~,D.C. ~다 카포~ 시리즈2023년 Windows 게임2023년 PlayStation 4 게임2023년 Nintendo Switch 게임전연령 미소녀 게임에로게," 소년은, 운명과 만난다-少年は、運命に出会う-D.C. ~다 카포~ 시리즈 정규 5번째 시리즈를 설명하는 문서이다. 배경은 전작 다카포4와 동일한 카가미 섬. 전작처럼 전연령판으로 먼저 발매된다.2024년 9월 18금판 발매예정"
46,태화강역,1921년 개업한 철도역대한민국의 철도역대한민국의 착공 예정 철도역/KTX동해선 광역전철동해선울산항선장생포선분기역나무위키 철도 프로젝트남구(울산)의 철도역울산 도시철도 1호선,"울산역 시절 스탬프[9]역명 변경 후 사용 중인 스탬프[10]새 이름으로 다시 출발하는 울산의 랜드마크태화강역의 원래 생일은 1921년 10월 25일이다. 1916년 울산과 경주, 동래와 장생포를 연결하는 경동선 철도부설에 이어 경주~울산 간의 열차가 개통된 것이 그 시작이다. 이후 몇 차례 위치를 옮기며 새롭게 지어졌던 옛 울산역은 2010년 고속철도시대를 맞아 KTX 전용역사인 울산역에게 자신의 이름을 넘겨주고, 태화강역이라는 이름으로 새로운 출발을 맞이한다. 2021년 동해남부선 복선전철사업과 더불어 지역의 상징인 귀신고래를 형상화한 현대식 역사로 다시 태어났으며, 서울 청량리를 2시간 30분에 주파하는 KTX-이음이 운행된다. 또한 역사 하부에 편리한 대중교통 연계를 위한 복합환승여객동선시스템이 도입되는 등 지역의 교통거점이자 랜드마크로 자리매김하고 있다.국가철도공단 공식 소개 문구동해선의 철도역이자 동해선 광역전철 K132번, 울산광역시 남구 산업로 654 (삼산동) 소재.울산역과 함께 울산광역시 양대 관문역이다. 경부고속선 상의 현 울산역이 개통하기 전에는 이 역이 울산역이라는 이름을 가지고 있었다. 중앙선을 직통하는 계통을 포함해 동해선을 지나는 모든 여객열차가 정차하며 동해선 광역전철의 시종착역이다.[11] 또, 상당수 울산광역시 시내버스의 기/종점이며 울산 도시철도 1호선도 이 역을 기점으로 계획 중이다. 또한 본 역이 기점인 현재 시험용인 울산 도시철도 울산항선을 추후 정식 운영할 계획이다. [12]"
47,압둘와헤구루,이만배웹툰 작가그림 크리에이터대한민국의 남성 유튜버대한민국의 트위치 스트리머트위터 사용자네이버 블로거디시인사이드의 고정닉루리웹 유명인개드립넷 유저1998년 출생2022년 데뷔김해 김씨서울특별시 출신 인물고려대학교 출신공군 출신,대한민국의 시크교도이자 이만배 소속 웹툰 작가.본명보다는 필명인 압둘와헤구루로 더 많이 알려져 있으며 공군 인트라넷 커뮤니티에서 만화를 연재한 후 대학 재학 중 카툰-연재 갤러리[9]와 루리웹 창작만화 게시판을 비롯한 인터넷 커뮤니티에서 일상 만화인 「터번쟁이 만화」를 연재했다. 「시크한 시크교 탐방기」를 시작으로 종교사와 전쟁사 학습만화를 연재하면서 유명세를 얻었고 2022년에 「전쟁으로 보는 서양사」[10]를 출간하였다. # 2023년에 이만배에서 「세계종교사: 예루살렘에서 암리차르까지」를 함께 정식 연재하였고#  「전쟁으로 보는 서양사」의 후속작 「전쟁으로 보는 동양사」를 연재 시작하였다.
48,이수빈(아나운서),서울특별시 출신 인물1999년 출생JTBC 관련 인물JTBC 여성 아나운서숙명여자대학교 출신,"대한민국의 아나운서이자, 전직 기상캐스터이다. 2023년 12월에 JTBC에 공채 6기 아나운서로 입사했으며, 수습 기간을 거쳐 JTBC 뉴스룸 '스포츠 뉴스' 앵커를 맡고 있다."
49,지창욱,한국 남배우한국 남가수배우 출신 가수뮤지컬 남배우한국의 드라마 배우한국의 뮤지컬 배우1987년 출생2008년 데뷔안양시 출신 인물충주 지씨신성고등학교 출신단국대학교 출신육군 출신,대한민국의 배우.
50,유튜브/구독자 순위,유튜브,유튜브 구독자의 순위를 다루는 문서이다. 전 세계 구독자수 확인2019년 9월 17일 구독자 수가 간략한 형식으로 업데이트되어 정확한 구독자 수 확인이 어려워졌다.
51,Cody・Lee(李),일본의 록밴드4인조 음악 그룹,"일본의 4인조 록밴드이다.2018년 대학 친구끼리 결성했다.[1] 2020년 싱어송라이터로 활동하던 오자키 리노가 정식 가입하며 자주 레이블 ""sakuramachi records""를 시작했고, 1st Full Album 生活のニュース[2][3] 를 발매했다.1집 수록곡인 我愛你의 MV가 유튜브 알고리즘을 타면서 유명해졌다.[4]2021년에 들어, Spotify 바이럴 차트 TOP10에 들어가는 등 밴드로서의 기세가 증가하고 있다.2022년 5월 25일,Ki/oon Music에서「心拍数とラヴレター、それと優しさ」[5] 앨범으로 메이저 데뷔가 결정 되었다.인스타그램 유튜브 트위터 홈페이지2024년 3월 29일 유튜브 라이브에서 生活のニュース 이후 두번째 정규 앨범 발매 소식을 전했다. 6월 발매 예정."
52,로드리,로드리,"스페인 국적의 맨체스터 시티 FC 소속 축구 선수. 포지션은 수비형 미드필더. 현재 스페인 축구 국가대표팀의 부주장을 맡고 있다. 맨체스터 시티에서 트레블을 포함한 영국 축구 역사상 최초의 5관왕과 PL 4연패를 이끌었고, 스페인 대표팀에서는 12년 만의 메이저 대회 트로피인 UNL 우승을 이끌며 파이널 MVP를 수상하였다."
53,유튜브/구독자 순위,유튜브,유튜브 구독자의 순위를 다루는 문서이다. 전 세계 구독자수 확인2019년 9월 17일 구독자 수가 간략한 형식으로 업데이트되어 정확한 구독자 수 확인이 어려워졌다.
54,트롯 매직유랑단,KBS 예능트롯 전국체전2021년 방송 프로그램2021년 종영스핀오프 예능,"2021년 3월 31일부터 2021년 7월 24일까지 KBS 2TV에서 매주 토요일 밤 10시 30분부터 방송되었던 트로트 스핀오프 프로그램이다.트롯 전국체전 결승 진출자 TOP8과 '다시 보고 싶은 가수'로 선정된 신미래가 고정 출연하는 트롯 전국체전의 파생 예능이다.1회부터 10회까지는 매주 수요일 밤 10시 40분부터 12시 20분까지 방송했으며, 컴백홈이 6월 5일 10부작으로 종영한 뒤 트롯 전국체전의 시간대였던 토요일 밤 10시 30분으로 다시 이동했다. KBS 편성표"
55,건달리아,슈팅 바쿠간,"슈팅 바쿠간에 나오는 이계의 국가. 더빙판은 미묘하게 건달디아로 바뀌었다. 네시아와는 달리 매우 칙칙한 분위기다. 이계의 차원 중 하나로 지배자는 바로듀스 황제. 회색빛 피부[1]에 눈 밑 잿빛 자국, 그리고 머리의 요상한 뿔이 특징이다. 원더 레볼루션&네시아와 마찬가지로 바쿠간이 자생하는 차원이다. 참고로 네시아&건달리아 출신의 바쿠간들의 평균적인 전투력은 원더 레볼루션의 바쿠간들의 전투력을 능가한다.[2]전반적으로 전투종족인 종족들로, 건달리아인들 모두가 군대에 종사 중이다.[3][4]이곳의 지배자인 바로듀스 포함한 건달리아는 많은 영토를 가지는 것을 목적으로 해 이때문에 네시아를 자주 침략한 것 같다. 국가 전체가 전범, 납치, 소년병, 세뇌, 살인, 대량학살은 기본으로 들어가는 초 막장 국가. 다만 네시아는 평소 전쟁에 매우 신중한 입장이고[5], 건달리아 자체가 2기의 베스타 못지않은 과학력을 지닌 데다가 루미나에 편중된 네시아의 바쿠간과는 달리 6속성 골고루 있어서인지 늘 항상 네시아보다 유리한 입장이었다.바로듀스 재임[6] 시절에는 전체주의이자 경찰국가주의라서 조금이라도 임무에 실패하면 처분되거나 살해되는 등 무시무시한 곳이였지만, 4기 바로듀스 사망 이후로는 건달리아 국가에도 개혁이 이뤄진 건지, 새로운 지배자가 된 나자크 국무총리가 건달리아와 네시아의 평화를 수락함과 동시에 의회 형식의 민주주의로 개혁하게 되어 다른 차원인들과도 사이가 좋아지게 되었는데, 그 증거로 4기에서 지원 요청을 받아 온 레이프는 네시아, 파멜라는 건달리아인인데 이들은 종족 상관 없이 매우 사이가 좋은 모습을 보인다.초창기에 이들의 외형이 공개됐을때는, 특히 건달리아 외계인일때의 외형이 대체로 미형으로 나왔던 2기의 베스타 신캐릭터들에 비해 불호가 갈렸으나,[7] 시간이지나면서 관계성이나 캐릭터성, 스토리 측면에서 좋은 반응을 얻었다.다만 건달리아 인베이더즈의 스토리나 작중 심리묘사를 너무 건달리아측 중심으로 하다보니, 파비아를 제외한 나머지 네시아측과 브롤러즈가[8]뒤로 갈수록 스토리에서 심각한 공기가 되었다는 지적도 있다.[9][10] 이를 감안해서 인지 4기 1부에서는 스토리나 작중 심리묘사를 브롤러즈 측 중심으로 한다.재미있게도, 배틀기어를 소환할때 손에서 소환하는 간지나는 연출을 보인다.[11]"
56,키친 나이트메어/시즌 4,리얼리티쇼고든 램지,시즌 4 출연 가게를 다루는 문서. 2024년 기준 2곳만 영업 중이고 나머지는 모두 폐업했다.
57,제12보병사단 훈련병 사망 사건,2024년/사건사고인제군의 사건사고대한민국 육군/사건 사고제12보병사단과실치사 사건,2024년 5월 23일 강원특별자치도 인제군에 위치한 대한민국 육군 제12보병사단 신병교육대에서 21세 훈련병 1명이 군기훈련을 받다가 쓰러져 이틀 뒤인 5월 25일 순직한 사고이다. 현재 사인과 사건 경위를 조사 중이다.
58,아스트랄 세계,유희왕 ZEXAL,"주인공 아스트랄과 No.96 블랙 미스트의 고향이자, 작중 첫 번째로 등장한 이세계이기도 하다. 배경은 소용돌이치는 것처럼 보이는 푸른색의 우주. '결벽'이라는 단어로 묘사된다.츠쿠모 카즈마가 예전에 한 번 이 세계에 갔다가 무사귀환한 적이 있다. 카즈마는 거기서 아스트랄 세계의 존재에게 황의 열쇠를 받았고 그걸 아들인 유마에게 준다. 이 황의 열쇠가 아스트랄 세계의 문인 운명의 문을 여는 열쇠쯤 되는 것으로 추정된다.117화까지 제대로 등장하고 활약한 이 세계의 존재가 아스트랄밖에 없었기 때문에 아스트랄 세계의 존재들은 전부 나체가 아닐까 하는 예상도 있었으나, 118화에서 등장한 모든 존재들은 아스트랄만 빼고 옷을 제대로 입고 있다. 신인 엘리파스도 그렇고 일반인인 에나나 다른 주민들까지 전부. 대체 아스트랄 하나만 옷을 입지 않은 이유는 무엇인지 불명. 팬 서비스이 세계의 듀얼리스트들은 메인 덱에 들어가는 몬스터를 사용하지 않는다. 기억과 카드들을 대량으로 분실한 아스트랄은 그렇다 쳐도 아스트랄 세계 최강 듀얼리스트로 소개된 엘리파스조차도 메인 덱의 몬스터는 쓰지 않았다. 심지어 144화에서 드디어 자신의 덱으로 듀얼을 하게 된 아스트랄조차도.작중에서 주어지는 정보를 토대로 하면, 아스트랄 세계와 바리안 세계는 단순한 이세계가 아니라 죽은 자가 가는 곳. 즉 명계인 것으로 보인다.[1] 실제로 돈 사우전드가 죽어가던 인간 미자엘에게 '너의 영혼은 아스트랄 세계로 전생할 것이다'라고 말하기도 했다. 또한 아스트랄의 말에 따르면 칠황들은 본래 이들의 숭고한 영혼을 생각하면 오히려 아스트랄 세계에 갔어야 했다는데, 여기서 아스트랄 세계는 현실로 치면 천국에 대응될 수 있다."
59,Cody・Lee(李),일본의 록밴드4인조 음악 그룹,"일본의 4인조 록밴드이다.2018년 대학 친구끼리 결성했다.[1] 2020년 싱어송라이터로 활동하던 오자키 리노가 정식 가입하며 자주 레이블 ""sakuramachi records""를 시작했고, 1st Full Album 生活のニュース[2][3] 를 발매했다.1집 수록곡인 我愛你의 MV가 유튜브 알고리즘을 타면서 유명해졌다.[4]2021년에 들어, Spotify 바이럴 차트 TOP10에 들어가는 등 밴드로서의 기세가 증가하고 있다.2022년 5월 25일,Ki/oon Music에서「心拍数とラヴレター、それと優しさ」[5] 앨범으로 메이저 데뷔가 결정 되었다.인스타그램 유튜브 트위터 홈페이지2024년 3월 29일 유튜브 라이브에서 生活のニュース 이후 두번째 정규 앨범 발매 소식을 전했다. 6월 발매 예정."
60,남녀비 1:39의 평행 세계는 의외로 평범/등장인물,남녀비 1:39의 평행 세계는 의외로 평범일본 만화/등장인물,남녀비 1:39의 평행 세계는 의외로 평범의 등장인물을 정리한 문서.
61,이천자이 더 파크,이천시의 공동주택나무위키 공동주택 프로젝트자이2024년 건설,"경기도 이천시 관고동에 위치한 아파트로, 민간공원 특례사업의 일환으로 지어진다.706세대로 구성되어 있으며, 주차대수는 998대로 세대당 1.4대를 주차할 수 있다. GS건설이 시공하였고 교보자산신탁이 시행하였다. 2024년 9월 입주가 예정되어 있다.용적률은 247%, 건폐율은 23%로 집계되었다.2021년 10월 1일에 모델하우스는 이천시 관고동 일대에 오픈하였고, 2021년 10월 12일 특별공급을 시작으로 13일에 1순위, 14일에 2순위 청약을 받았다. 2021년 10월 20일에 당첨자 발표가 진행되었고, 정당계약은 2021년 11월 1∼5일에 진행되었다."
62,고속버스 서울호남-논산·연무대,고속버스 서울호남,"서울특별시에서 충청남도 논산시를 잇는 고속버스 노선으로, 금호고속에서 단독 운행한다."
63,NewJeans/논란 및 사건 사고,NewJeans대한민국의 아이돌 사건 사고,걸그룹 NewJeans의 논란 및 사건 사고를 기록하는 문서.
64,민희진-HYBE 간 ADOR 경영권 분쟁,민희진-HYBE 간 ADOR 경영권 분쟁,"[뉴스 ‘꾹’] 'NewJeans' 잘 나가자 독립 시도?..""전격 감사"" 칼 빼든 HYBE(MBC 뉴스)(지금, 이 뉴스) 방시혁 vs 민희진 충돌? …HYBE, 'NewJeans' 소속사 감사 착수(JTBC 뉴스)2024년 4월 22일부터 HYBE 측이 민희진 대표이사 등 ADOR 경영진이 HYBE LABELS로부터 ADOR를 독립시키고 경영권을 탈취하려 한다는 정황이 드러났다고 주장하며 내부 감사에 들어가면서 공론화된 분쟁이다.민희진을 비롯한 ADOR 경영진 측은 같은 HYBE LABELS에 속한 빌리프랩의 신인 걸그룹 ILLIT이 자사의 걸그룹 NewJeans를 카피한 데에 대한 항의 차원의 서한을 본사에 보냈을 뿐인데 갑작스럽게 보복성 해임 통보해 왔다고 주장했으며, 대주주인 HYBE 측은 ADOR 경영진들의 경영권 탈취 시도 및 사업상 비밀 유출, 인사청탁 등에 대한 의혹을 제기했다."
65,고속버스 서울호남-논산·연무대,고속버스 서울호남,"서울특별시에서 충청남도 논산시를 잇는 고속버스 노선으로, 금호고속에서 단독 운행한다."
66,세계 정복자 4/이벤트,세계정복자 4,세계정복자 4의 이벤트를 다루는 문서이다.HQ레벨10이상부터 플레이 가능하다.크게 방어이벤트와 공격이벤트(스테이지 형식의 이벤트)가 있다. 난이도가 상당히 높으니 클리어를 위해서는 충분한 장군이 필요하다.
67,압둘와헤구루,이만배웹툰 작가그림 크리에이터대한민국의 남성 유튜버대한민국의 트위치 스트리머트위터 사용자네이버 블로거디시인사이드의 고정닉루리웹 유명인개드립넷 유저1998년 출생2022년 데뷔김해 김씨서울특별시 출신 인물고려대학교 출신공군 출신,대한민국의 시크교도이자 이만배 소속 웹툰 작가.본명보다는 필명인 압둘와헤구루로 더 많이 알려져 있으며 공군 인트라넷 커뮤니티에서 만화를 연재한 후 대학 재학 중 카툰-연재 갤러리[9]와 루리웹 창작만화 게시판을 비롯한 인터넷 커뮤니티에서 일상 만화인 「터번쟁이 만화」를 연재했다. 「시크한 시크교 탐방기」를 시작으로 종교사와 전쟁사 학습만화를 연재하면서 유명세를 얻었고 2022년에 「전쟁으로 보는 서양사」[10]를 출간하였다. # 2023년에 이만배에서 「세계종교사: 예루살렘에서 암리차르까지」를 함께 정식 연재하였고#  「전쟁으로 보는 서양사」의 후속작 「전쟁으로 보는 동양사」를 연재 시작하였다.
68,도멘아도니스,농업,"지중해 남부의 숨겨진 보물과 같은 아름다운 올리브의 나라 튀니지 북서쪽 Testour 해발 700m 사람들이 발길이 닿지 않는 청정한 무공 자연환경을 자랑하는 도멘아도니스 올리브농장.[1]도멘아도니스는 도멘Domaine은 프랑스어로 농업, 아도니스는 Adonis는 그리스 신화의 [아도니스]를 상징하며 농업의 신이라는 뜻을 가지고 있다. 아도니스는 [아프로디테]와 페르세포네의 사랑을 받은 신으로 죽음과 부활을 상징하며, 셈어로는 군주, 주인이라는 뜻을 가지고 있으며 히브리어로는 나의 신을 의미한다. 힘들었던 역사 속에서 올리브나무는 튀니지인들에게 아낌없이 주는 나무이자 삶의 동반자를 의미하며 튀니지 그 자체이다."
69,최근 한 온라인 커뮤니티 게시판에는,인터넷 밈/정치 및 사회/대한민국불특정 명사,"기자는 아무데서나 막 퍼와도 되고 일반 네티즌의 저작권은 무시해도 됩니다. 그러나 일반 네티즌은 이 기사에 대해 무단전재 및 재배포 금지입니다. 참 합리적인 세상입니다.[1]- 출처는 이 기사의 댓글.[2]2012년경부터 자주 사용되기 시작한 찌라시 기사 템플릿의 일종으로 누구나 한 분야의 전문가로 만들어주는 한 연구보고서와 더불어 누구나 기자로 만들어주는 마법의 말로 사용되는 문장이다. 쉽게 설명하자면, 옛날부터 사랑받는 '카더라'의 현대판 버전이다."
70,건달리아,슈팅 바쿠간,"슈팅 바쿠간에 나오는 이계의 국가. 더빙판은 미묘하게 건달디아로 바뀌었다. 네시아와는 달리 매우 칙칙한 분위기다. 이계의 차원 중 하나로 지배자는 바로듀스 황제. 회색빛 피부[1]에 눈 밑 잿빛 자국, 그리고 머리의 요상한 뿔이 특징이다. 원더 레볼루션&네시아와 마찬가지로 바쿠간이 자생하는 차원이다. 참고로 네시아&건달리아 출신의 바쿠간들의 평균적인 전투력은 원더 레볼루션의 바쿠간들의 전투력을 능가한다.[2]전반적으로 전투종족인 종족들로, 건달리아인들 모두가 군대에 종사 중이다.[3][4]이곳의 지배자인 바로듀스 포함한 건달리아는 많은 영토를 가지는 것을 목적으로 해 이때문에 네시아를 자주 침략한 것 같다. 국가 전체가 전범, 납치, 소년병, 세뇌, 살인, 대량학살은 기본으로 들어가는 초 막장 국가. 다만 네시아는 평소 전쟁에 매우 신중한 입장이고[5], 건달리아 자체가 2기의 베스타 못지않은 과학력을 지닌 데다가 루미나에 편중된 네시아의 바쿠간과는 달리 6속성 골고루 있어서인지 늘 항상 네시아보다 유리한 입장이었다.바로듀스 재임[6] 시절에는 전체주의이자 경찰국가주의라서 조금이라도 임무에 실패하면 처분되거나 살해되는 등 무시무시한 곳이였지만, 4기 바로듀스 사망 이후로는 건달리아 국가에도 개혁이 이뤄진 건지, 새로운 지배자가 된 나자크 국무총리가 건달리아와 네시아의 평화를 수락함과 동시에 의회 형식의 민주주의로 개혁하게 되어 다른 차원인들과도 사이가 좋아지게 되었는데, 그 증거로 4기에서 지원 요청을 받아 온 레이프는 네시아, 파멜라는 건달리아인인데 이들은 종족 상관 없이 매우 사이가 좋은 모습을 보인다.초창기에 이들의 외형이 공개됐을때는, 특히 건달리아 외계인일때의 외형이 대체로 미형으로 나왔던 2기의 베스타 신캐릭터들에 비해 불호가 갈렸으나,[7] 시간이지나면서 관계성이나 캐릭터성, 스토리 측면에서 좋은 반응을 얻었다.다만 건달리아 인베이더즈의 스토리나 작중 심리묘사를 너무 건달리아측 중심으로 하다보니, 파비아를 제외한 나머지 네시아측과 브롤러즈가[8]뒤로 갈수록 스토리에서 심각한 공기가 되었다는 지적도 있다.[9][10] 이를 감안해서 인지 4기 1부에서는 스토리나 작중 심리묘사를 브롤러즈 측 중심으로 한다.재미있게도, 배틀기어를 소환할때 손에서 소환하는 간지나는 연출을 보인다.[11]"
71,오늘아침,MBC 라디오2012년 방송 프로그램,MBC FM4U에서 9시부터 11시까지 방송하는 라디오 프로그램으로 아나운서 출신 방송인 정지영이 진행한다.전국에 송출되는 라디오 프로그램으로 아침 라디오 중에서 본좌급에 속한다. 비슷한 성향의 프로그램인 KBS Cool FM <이현우의 음악앨범>(+ CBS 표준FM <그대 창가에 알렉스입니다>[4])과는 경쟁관계.[5]공개방송과 콘서트도 자주 연다. 아침시간대에 내한공연 온 아티스트들 불러다 스튜디오 라이브 시키는 일이 가능할 정도이지만 생방송이 아니라 사전녹음방송이라는 것이 아쉽다.
72,선아전자,선아전자한국의 게임 제작사,"대한민국의 과거 존재하던 게임회사로 1985년 창립, 1987년부터 1999년까지 게임을 개발했다. 하나 그렇게 만들었던 것들이 캐릭터는 전혀 허가를 받지 않았고 고인돌과 하드헤드 빼고는 전부 아류작이라서 국내에서 개발됐다는 사실만 빼고는 그다지 평가가 좋지 않았다. 게다가 로고도 일본의 모 게임회사 냄새가 심하다. 게다가 여기서 만든 게임들은 하나같이 그래픽 디자인이 기괴하거나 그로테스크한 특유의 4차원적인 센스로 유명했었다.[4] 게임물관리위원회 검색으로 확인한 결과, 1997년 이후로는 갬블 게임을 개발하기 시작하였으며, 이후 2000년의 '고2000'을 필두로 2005년 '고토피아플러스'까지 우려먹기를 단행하였다. 이후 더 이상 게임을 개발하지 않는 것으로 보아 도산한 것으로 보인다.참고로 우리회사로 개명했던 선아전자(宣亞電子)와는 한자가 비슷할 뿐 완전 별개다. 이쪽은 전자제품 검사설비 전문 업체. 게다가 어느 중소기업 공단에 있을 법한 묘한 이름이라 검색하면 엉뚱한 업체가 나오는 일도 있다.일부 게임은 병맛나게 만들었다. 하드헤드 2: 게임 자체가 병맛 그 자체다. 주인공의 멜빵바지는 마계촌 갑옷같은 방어구인데 적에게 공격당하면서 이 멜빵바지가 벗겨지면 더 이상의 자세한 설명은 생략한다.베스트 오브 베스트: 톰은 대전 격투 게임에서는 유례를 찾을 수 없는 U턴 장풍을 쏘고 탱고는 엉덩이에서 불을 뿜는다. 그리고 모든 스테이지에서 배경음악이 람바다로 통일되어 있다. 사사키의 스테이지에 나오는 여자들은 절을 하면서 엉덩이를 흔든다.일부 게임에서 람바다, 볼레로 등 BGM을 아무 교향곡이나 마구 갖다 붙였다.스파크 맨은 그래픽이 쓸데없이 섹시해서 다들 팬티스타킹을 신은 것처럼 나온다.일본의 게임 신문 게임머신 1988년 12월 1일자 20면 하드헤드 광고지를 보면 소재지는 경기도 부천시 내동 109번지, 전화 02-754-2094. #"
73,손기정,손기정,일제강점기부터 대한민국 정부 수립 초기까지 활약했던 한국인 육상 선수. 한국인[6] 운동선수 최초로 올림픽을 제패한 한국 체육계의 선구자다.
74,아수종,아수종,몬스터 헌터 시리즈에 등장하는 몬스터의 종.
75,화순초등학교,1917년 개교화순군의 초등학교나무위키 교육기관 프로젝트,전라남도 화순군 화순읍 교리에 위치한 초등학교이다. 화순의 초등학교 중 가장 학생 수가 많은 학교이다.
76,김재우(푸른거탑),푸른거탑/등장인물,"죄송하면 군 생활이 끝나나?!우린 말을 믿지 않아!!! 사진, 사진 가져와!!![10]마지막 역전 찬스를 주겠다. 여자친구 있나?푸른거탑의 등장인물. 배우는 김재우. 1004사단 99연대 98대대 3중대 3소대 1분대장직을 맡고 있다."
77,브롤스타즈/팁/브롤러 별 티어,브롤스타즈,"브롤스타즈의 브롤러 별 성능과 입지를 주관적으로 정리한 문서이다.브롤스타즈에서는 각기 다른 브롤러를 선택하여 게임에 임하게 된다. 때문에 게임의 밸런스를 위해서는 각 브롤러의 성능이 어느 정도 동등하거나 상성 등이 존재하여 어떤 브롤러든 성능이 일정하게 유지되어야 한다. 그러나 성능이 지나치게 좋거나 떨어지는 브롤러가 존재하여, 강력한 브롤러가 특정 모드 혹은 특별 이벤트를 제외한 대부분의 모드[2]에서 범용성이 높거나 좋은 일반/특수 공격, 스타 파워, 가젯 등을 가져 압도적인 모습을 보여준다. 반대로 성능이 떨어지는 브롤러들의 경우 특정 모드 혹은 모든 모드에서 좋지 못한 모습을 보이며, 높은 난이도, 많은 카운터, 저열한 성능 등의 이유로 인해 픽률이 낮고 해당 브롤러가 있는 팀이 불리해지는 경향이 있다.[3][4]"
78,랫캐처 II,수어사이드 스쿼드(DC 확장 유니버스)더 수어사이드 스쿼드/등장인물,"DC 확장 유니버스의 랫캐처. 배우는 포르투갈의 모델 다니엘라 멜키오르.[4]'2세'라는 코드 네임에서 보다시피 랫캐처 본인이 아닌 그의 딸이자 제자인 것으로 나온다. 쥐를 다루는 능력 자체는 동일.팀의 최연소 멤버로 추정되며,[5] 그에 걸맞게 명랑하고 순수한 성격이다. 약간 4차원적인 면이 있지만 팀 내에선 가장 상식인에 가까우며, 화나면 매서워지긴 하지만 악명높은 벨 리브 교도소에 수감된 범죄자답지 않게 상냥하고 부드러운 인물이다.[6][7] 무뚝뚝한 블러드스포트의 경계를 해제시키거나 자신의 능력을 처음 발휘하고 부끄러워하는 에브너에게 멋지다고 덕담도 해주고, 자신을 잡아먹으려 한 킹 샤크에게 가장 먼저 손을 내미는 등 팀원들 중 친화력도 가장 좋다. 하지만 젊은 나이에도 불구하고 실력은 확실하며, 무시할 수 없는 초능력을 지니고 있다.쥐 세바스찬을 친구 겸 동료로 데리고 다닌다.잠이 꽤 많은 듯하다. 한 번 자면 잘 깨지도 않고, 작중에서도 자는 모습을 자주 보여준다.[8]"
79,토탈 워: 로마2/갈리아 제국,토탈 워: 로마2,"인트로야만족의 침략이 가속화되고 혼란이 발생하자 포스트무스라는 지휘관은 알프스 서남 속주들을 차지하고 로마 제국으로부터 독립하였습니다. 그의 제국은 갈리아 로마제국이라 불렸으며 프레토리안 근위대를 조직하고 집정관과 원로원을 선출하기도 했습니다. 많은 포에데라티 부족들의 지원에 힘입어 이 새로운 서방 로마는 세계에서 가장 강력한 세력이 되길 갈망하고 있습니다.분열된 제국 캠페인에 등장하는 세력. 3세기의 위기 당시 로마에서 독립을 시도한 테트리쿠스의 갈리아 제국이다. 로마와 갈리아의 하이브리드와 같은 모습을 지니고 있으며, 지도자의 성향 및 각종 연구가 공화정을 지지한다는 특이점이 있다."
80,고룡종,고룡종,"일문: 古龍種영문: Elder Dragon고룡종이란 생물학적 분류의 호칭이 아니다. 현재 지식으로는 분류 불가능한 생물들을 고룡종으로 판단하며, 그 다수가 재앙이라 불릴 만큼 특수한 능력을 갖는다. 많은 고룡은 머리에 뿔, 등에 날개를 가지며 네 발로 대지에 선다. (중략) 또한 그 피에 용속성이라 불리는 에너지의 근원인 힘을 갖고 있다고 생각되나 아직 해명하지는 못하고 있다.DIVE TO MONSTER HUNTER WORLD 中몬스터 헌터 시리즈에 등장하는 몬스터의 종."
81,악어(인터넷 방송인)/대규모 콘텐츠/악어의 놀이터 2,악어(인터넷 방송인)/대규모 콘텐츠/악어의 놀이터 2,2024년 5월 5일 오후 8시부터 진행되고 있는 대규모 스트리머 마인크래프트 서버 콘텐츠로 악어의 놀이터의 후속작으로 야생과 RPG에 기반을 두고 있다.
82,한부모 가족,가족육아,한부모 가족은 2세대로 이루어진 핵가족 중 모종의 사유로 인해 부모에 해당하는 사람이 1명인 가족을 말한다. 결손가정의 한 형태. 원래는 '편부모 가족(偏父母家族)'이라고 칭했으나 '치우칠 편'이 부정적인 느낌을 준다고 하여 국립국어원에서 '한부모 가족'이라는 단어로 순화했다.
83,슬레이어(로스트아크),로스트아크/클래스," 로스트아크 클래스 - 슬레이어 트레일러  로스트아크 클래스 미리보기 - 슬레이어 ""그 무엇도, 나의 운명을 속박할 수 없어!""2023년 1월 18일 업데이트로 추가된 여성 전사 캐릭터의 1번째 클래스이자 버서커의 젠더락 해제 클래스다."
84,고우석/선수 경력,고우석/선수 경력,샌디에이고 파드리스 소속 투수 고우석의 선수 경력을 다루는 문서다.
85,아트라하시스(슈퍼스트링),테러맨/등장인물테러대부활/등장인물,네이버 웹툰 테러대부활의 등장인물. 이름의 유래는 메소포타미아 신화의 아트라하시스.
